"ID","Name","Gene_name","logical"
92919,"DNMBP-AS1","",FALSE
92919,"DNMBP","DNMBP",TRUE
92933,"DNMBP","DNMBP",TRUE
115773,"CD82","CD82",TRUE
116464,"MYBPC3","MYBPC3",TRUE
119411,"TNKS1BP1","TNKS1BP1",TRUE
143533,"LAG3","",FALSE
143533,"MLF2","MLF2",TRUE
143533,"PTMS","",FALSE
143536,"CD4","CD4",TRUE
143543,"CD4","CD4",TRUE
143543,"GPR162","",FALSE
143543,"LEPREL2","",FALSE
143560,"ATN1","",FALSE
143560,"C12orf57","C12orf57",TRUE
143560,"RNU7-1","",FALSE
143561,"C12orf57","C12orf57",TRUE
143561,"PTPN6","PTPN6",TRUE
143561,"U47924.31","",FALSE
143562,"EMG1","",FALSE
143562,"MIR141","",FALSE
143562,"MIR200C","",FALSE
143562,"PHB2","",FALSE
143562,"PTPN6","PTPN6",TRUE
143562,"SCARNA12","",FALSE
143562,"U47924.27","",FALSE
143562,"U47924.29","",FALSE
156215,"RP11-370I10.6","",FALSE
156215,"ZNF641","ZNF641",TRUE
156421,"LMBR1L","LMBR1L",TRUE
157614,"COPZ1","COPZ1",TRUE
157614,"NFE2","",FALSE
158201,"GLS2","GLS2",TRUE
158201,"MIP","MIP",TRUE
158201,"SPRYD4","",FALSE
158202,"GLS2","GLS2",TRUE
182354,"MIR2276","",FALSE
182354,"SPATA13","SPATA13",TRUE
182382,"SPATA13-AS1","",FALSE
182382,"SPATA13","SPATA13",TRUE
209993,"DCUN1D2","DCUN1D2",TRUE
209993,"TMCO3","TMCO3",TRUE
211340,"PRMT5-AS1","",FALSE
211340,"RBM23","RBM23",TRUE
211421,"BCL2L2","BCL2L2",TRUE
211421,"HOMEZ","",FALSE
211421,"PPP1R3E","",FALSE
211421,"RP11-124D2.7","",FALSE
211422,"BCL2L2","BCL2L2",TRUE
211422,"BCL2L2-PABPN1","",FALSE
266023,"AC135050.5","",FALSE
266023,"ZNF668","ZNF668",TRUE
266025,"ZNF668","ZNF668",TRUE
287563,"ACLY","ACLY",TRUE
287563,"TTC25","",FALSE
294286,"ARSG","ARSG",TRUE
294286,"SLC16A6","SLC16A6",TRUE
294321,"MIR635","",FALSE
294321,"WIPI1","WIPI1",TRUE
294328,"WIPI1","WIPI1",TRUE
296888,"CYTH1","CYTH1",TRUE
297071,"CBX2","CBX2",TRUE
297421,"AC174470.1","",FALSE
297421,"FAM195B","",FALSE
297421,"GCGR","GCGR",TRUE
297421,"PPP1R27","PPP1R27",TRUE
297423,"ARHGDIA","ARHGDIA",TRUE
297423,"P4HB","P4HB",TRUE
297423,"RP11-498C9.3","",FALSE
297424,"ARHGDIA","ARHGDIA",TRUE
297424,"RP11-498C9.15","",FALSE
297424,"RP11-498C9.16","",FALSE
297445,"CCDC57","",FALSE
297445,"FASN","FASN",TRUE
297460,"CCDC57","",FALSE
297460,"RP13-516M14.2","",FALSE
297460,"SLC16A3","SLC16A3",TRUE
297504,"FOXK2","FOXK2",TRUE
297525,"FOXK2","FOXK2",TRUE
297525,"RP13-638C3.3","",FALSE
297525,"snoU13","",FALSE
321912,"CTD-2369P2.10","",FALSE
321912,"CTD-2369P2.12","",FALSE
321912,"FDX1L","",FALSE
321912,"RAVER1","RAVER1",TRUE
321912,"ZGLP1","",FALSE
321913,"ICAM3","ICAM3",TRUE
321913,"RAVER1","RAVER1",TRUE
321919,"TYK2","TYK2",TRUE
321934,"ATG4D","ATG4D",TRUE
321935,"ATG4D","ATG4D",TRUE
321935,"MIR1238","",FALSE
321935,"RNU7-140P","",FALSE
321938,"CDKN2D","CDKN2D",TRUE
327704,"AC002398.11","",FALSE
327704,"AC002398.9","",FALSE
327704,"AD000671.6","",FALSE
327704,"IGFLR1","IGFLR1",TRUE
327704,"LIN37","LIN37",TRUE
327704,"PSENEN","PSENEN",TRUE
327704,"U2AF1L4","U2AF1L4",TRUE
327706,"AC002398.11","",FALSE
327706,"AC002398.12","",FALSE
327706,"C19orf55","",FALSE
327706,"HSPB6","HSPB6",TRUE
327706,"LIN37","LIN37",TRUE
337608,"OSR1","OSR1",TRUE
353933,"AC005041.17","",FALSE
353933,"LBX2-AS1","",FALSE
353933,"LBX2","LBX2",TRUE
353933,"RP11-523H20.3","",FALSE
353937,"TLX2","TLX2",TRUE
357313,"CAPG","CAPG",TRUE
357313,"SH2D6","",FALSE
361809,"NCK2","NCK2",TRUE
419037,"HELZ2","HELZ2",TRUE
439854,"MTMR14","MTMR14",TRUE
474976,"RPN1","RPN1",TRUE
492212,"KLHL6","KLHL6",TRUE
609837,"CLK4","CLK4",TRUE
618812,"HIST1H2AL","HIST1H2AL",TRUE
618812,"HIST1H2BPS2","",FALSE
619530,"HLA-E","HLA-E",TRUE
658133,"SYNJ2","SYNJ2",TRUE
661961,"AC073957.15","",FALSE
661961,"C7orf50","C7orf50",TRUE
661978,"C7orf50","C7orf50",TRUE
662034,"MAFK","MAFK",TRUE
662035,"AC093734.1","",FALSE
662035,"MAFK","MAFK",TRUE
662035,"TMEM184A","TMEM184A",TRUE
662185,"BRAT1","BRAT1",TRUE
662185,"snoU13","",FALSE
662186,"BRAT1","BRAT1",TRUE
662186,"IQCE","IQCE",TRUE
709785,"ERI1","ERI1",TRUE
720415,"SPIDR","SPIDR",TRUE
720555,"CEBPD","",FALSE
720555,"SPIDR","SPIDR",TRUE
737792,"KB-1980E6.2","",FALSE
737792,"UBR5","UBR5",TRUE
92898,".","",FALSE
92900,".","",FALSE
92914,".","",FALSE
92917,".","",FALSE
92926,".","",FALSE
92931,".","",FALSE
92934,".","",FALSE
92938,".","",FALSE
92941,".","",FALSE
92942,".","",FALSE
92944,".","",FALSE
92800,".","",FALSE
92801,".","",FALSE
92839,".","",FALSE
92840,".","",FALSE
92853,"ENTPD7","",FALSE
92869,".","",FALSE
92875,".","",FALSE
92885,".","",FALSE
92892,".","",FALSE
92893,".","",FALSE
92894,".","",FALSE
92896,".","",FALSE
92899,".","",FALSE
92901,".","",FALSE
92902,".","",FALSE
92903,".","",FALSE
92904,".","",FALSE
92908,".","",FALSE
92909,".","",FALSE
92911,".","",FALSE
92913,".","",FALSE
92915,".","",FALSE
92918,".","",FALSE
92923,".","",FALSE
92927,".","",FALSE
92928,".","",FALSE
92929,".","",FALSE
92930,".","",FALSE
115635,".","",FALSE
115641,"EXT2","",FALSE
115642,".","",FALSE
115643,".","",FALSE
115646,".","",FALSE
115778,".","",FALSE
115779,"RP11-58K22.4","",FALSE
115779,"RP11-58K22.5","",FALSE
115780,".","",FALSE
115781,".","",FALSE
115782,".","",FALSE
115783,".","",FALSE
115797,".","",FALSE
115800,".","",FALSE
115801,"TSPAN18","",FALSE
115802,".","",FALSE
115804,".","",FALSE
115806,".","",FALSE
115819,".","",FALSE
115846,".","",FALSE
115847,".","",FALSE
115848,".","",FALSE
115849,".","",FALSE
115850,".","",FALSE
115851,".","",FALSE
115852,".","",FALSE
115853,".","",FALSE
115858,".","",FALSE
115879,".","",FALSE
115890,"PRDM11","",FALSE
115891,".","",FALSE
115893,".","",FALSE
115895,".","",FALSE
115958,".","",FALSE
115960,".","",FALSE
115961,".","",FALSE
115962,".","",FALSE
115964,".","",FALSE
116428,"ARFGAP2","",FALSE
116428,"PACSIN3","",FALSE
116428,"RP11-390K5.6","",FALSE
116429,"PACSIN3","",FALSE
116429,"RP11-390K5.1","",FALSE
116434,".","",FALSE
116435,".","",FALSE
116441,".","",FALSE
116442,"MADD","",FALSE
116442,"NR1H3","",FALSE
116442,"RP11-17G12.3","",FALSE
116443,".","",FALSE
116445,".","",FALSE
116449,".","",FALSE
116452,".","",FALSE
116456,".","",FALSE
116461,".","",FALSE
116462,".","",FALSE
116475,"SLC39A13","",FALSE
108084,".","",FALSE
108088,".","",FALSE
115417,".","",FALSE
115419,"RP11-484D2.2","",FALSE
115419,"TTC17","",FALSE
115587,".","",FALSE
119268,".","",FALSE
119269,".","",FALSE
119413,"snoU13","",FALSE
119414,".","",FALSE
119415,"P2RX3","",FALSE
119415,"SSRP1","",FALSE
119416,".","",FALSE
119441,".","",FALSE
119449,".","",FALSE
119450,".","",FALSE
119451,".","",FALSE
119452,".","",FALSE
119454,".","",FALSE
119456,".","",FALSE
119457,".","",FALSE
119458,"SLC43A1","",FALSE
119459,".","",FALSE
119460,"TIMM10","",FALSE
119461,".","",FALSE
119463,".","",FALSE
119465,".","",FALSE
119467,".","",FALSE
119468,".","",FALSE
119481,".","",FALSE
119482,".","",FALSE
119483,".","",FALSE
119484,".","",FALSE
119485,".","",FALSE
119486,"MIR130A","",FALSE
119487,".","",FALSE
119488,"AP000662.4","",FALSE
119488,"CLP1","",FALSE
119488,"YPEL4","",FALSE
119489,".","",FALSE
119490,".","",FALSE
119492,".","",FALSE
119493,"ZDHHC5","",FALSE
119494,".","",FALSE
119495,".","",FALSE
119496,".","",FALSE
119497,".","",FALSE
119498,".","",FALSE
119499,".","",FALSE
119501,".","",FALSE
119502,".","",FALSE
119503,".","",FALSE
119504,".","",FALSE
119505,".","",FALSE
119506,"MED19","",FALSE
119506,"TMX2-CTNND1","",FALSE
119506,"TMX2","",FALSE
119507,".","",FALSE
119509,".","",FALSE
119510,".","",FALSE
119511,".","",FALSE
119513,"C11orf31","",FALSE
119514,"BTBD18","",FALSE
119514,"C11orf31","",FALSE
119514,"RP11-691N7.6","",FALSE
119515,"CTNND1","",FALSE
119518,".","",FALSE
119519,".","",FALSE
119520,".","",FALSE
119521,".","",FALSE
119522,".","",FALSE
119523,".","",FALSE
119524,".","",FALSE
119525,".","",FALSE
119526,".","",FALSE
119527,".","",FALSE
119528,".","",FALSE
119530,".","",FALSE
119531,".","",FALSE
119532,".","",FALSE
119535,".","",FALSE
119537,".","",FALSE
119538,".","",FALSE
119716,".","",FALSE
119717,".","",FALSE
119719,".","",FALSE
119720,"OR5B21","",FALSE
119721,".","",FALSE
119722,".","",FALSE
119723,".","",FALSE
119724,".","",FALSE
119725,".","",FALSE
119727,".","",FALSE
119728,".","",FALSE
119732,".","",FALSE
119733,".","",FALSE
119735,".","",FALSE
119736,".","",FALSE
119737,".","",FALSE
119738,".","",FALSE
119739,".","",FALSE
119740,"LPXN","",FALSE
119740,"ZFP91-CNTF","",FALSE
119740,"ZFP91","",FALSE
119741,".","",FALSE
119742,".","",FALSE
119743,".","",FALSE
119744,".","",FALSE
119745,".","",FALSE
119746,".","",FALSE
119747,".","",FALSE
119748,".","",FALSE
119749,".","",FALSE
119751,".","",FALSE
119752,".","",FALSE
119754,".","",FALSE
119755,".","",FALSE
119756,".","",FALSE
119758,".","",FALSE
119781,".","",FALSE
119782,".","",FALSE
119846,".","",FALSE
119890,".","",FALSE
119912,".","",FALSE
119913,".","",FALSE
119914,".","",FALSE
119915,"AP001258.4","",FALSE
119915,"AP001258.5","",FALSE
119915,"FAM111A","",FALSE
119916,".","",FALSE
119917,".","",FALSE
119918,".","",FALSE
119919,".","",FALSE
119921,".","",FALSE
119923,".","",FALSE
120037,".","",FALSE
120038,".","",FALSE
120049,".","",FALSE
120062,".","",FALSE
120063,".","",FALSE
120064,".","",FALSE
120065,"AP000640.2","",FALSE
120065,"PATL1","",FALSE
120066,".","",FALSE
120067,".","",FALSE
120068,".","",FALSE
120094,".","",FALSE
120107,".","",FALSE
123761,".","",FALSE
124137,"INTS4","",FALSE
125742,"PCF11","",FALSE
125785,"CCDC90B","",FALSE
125785,"RP11-727A23.10","",FALSE
125786,".","",FALSE
126778,"C11orf73","",FALSE
129245,"MED17","",FALSE
129245,"TAF1D","",FALSE
138739,"TMEM218","",FALSE
138879,"STT3A-AS1","",FALSE
138879,"STT3A","",FALSE
139060,"FAM118B","",FALSE
139060,"RP11-50B3.4","",FALSE
139060,"RPUSD4","",FALSE
143454,".","",FALSE
143455,".","",FALSE
143456,".","",FALSE
143459,".","",FALSE
143461,".","",FALSE
143466,".","",FALSE
143468,".","",FALSE
143470,".","",FALSE
143475,"CD27-AS1","",FALSE
143475,"TAPBPL","",FALSE
143476,".","",FALSE
143477,".","",FALSE
143478,"VAMP1","",FALSE
143479,".","",FALSE
143480,".","",FALSE
143482,".","",FALSE
143483,".","",FALSE
143484,".","",FALSE
143485,".","",FALSE
143486,"MRPL51","",FALSE
143486,"NCAPD2","",FALSE
143487,".","",FALSE
143488,".","",FALSE
143490,".","",FALSE
143491,".","",FALSE
143492,".","",FALSE
143493,".","",FALSE
143494,"GAPDH","",FALSE
143494,"RP5-940J5.3","",FALSE
143495,".","",FALSE
143496,".","",FALSE
143498,".","",FALSE
143499,"IFFO1","",FALSE
143500,"CHD4","",FALSE
143500,"NOP2","",FALSE
143501,"CHD4","",FALSE
143501,"RP5-940J5.6","",FALSE
143501,"SCARNA11","",FALSE
143502,".","",FALSE
143503,".","",FALSE
143504,".","",FALSE
143505,".","",FALSE
143506,"CHD4","",FALSE
143506,"LPAR5","",FALSE
143507,".","",FALSE
143508,".","",FALSE
143509,"ACRBP","",FALSE
143510,"ACRBP","",FALSE
143510,"ING4","",FALSE
143511,"ING4","",FALSE
143511,"RP4-761J14.8","",FALSE
143512,".","",FALSE
143513,".","",FALSE
143515,".","",FALSE
143516,".","",FALSE
143524,".","",FALSE
143525,".","",FALSE
143526,".","",FALSE
143527,".","",FALSE
143529,".","",FALSE
143530,".","",FALSE
143531,".","",FALSE
143537,".","",FALSE
143539,".","",FALSE
143540,".","",FALSE
143541,".","",FALSE
143542,".","",FALSE
143544,"GNB3","",FALSE
143546,".","",FALSE
143554,".","",FALSE
143557,".","",FALSE
143558,".","",FALSE
143559,".","",FALSE
143570,".","",FALSE
143571,".","",FALSE
143574,".","",FALSE
143575,".","",FALSE
143576,".","",FALSE
143577,".","",FALSE
143578,".","",FALSE
143597,".","",FALSE
143598,".","",FALSE
143599,"C1RL-AS1","",FALSE
143599,"C1RL","",FALSE
143600,".","",FALSE
143601,".","",FALSE
143602,".","",FALSE
143603,"C1RL-AS1","",FALSE
143603,"RNU6-485P","",FALSE
143604,"CLSTN3","",FALSE
143604,"RBP5","",FALSE
143604,"RP11-273B20.1","",FALSE
143605,".","",FALSE
143609,".","",FALSE
143615,".","",FALSE
143457,".","",FALSE
143458,"RN7SL391P","",FALSE
143458,"TNFRSF1A","",FALSE
143469,".","",FALSE
143472,"CD27","",FALSE
143474,".","",FALSE
143489,"NCAPD2","",FALSE
143489,"SCARNA10","",FALSE
143514,"ZNF384","",FALSE
143517,"PIANP","",FALSE
143522,"COPS7A","",FALSE
143522,"RP4-761J14.9","",FALSE
143532,"PTMS","",FALSE
143534,".","",FALSE
143555,".","",FALSE
143564,"EMG1","",FALSE
143564,"PHB2","",FALSE
143596,"C1R","",FALSE
143596,"C1RL","",FALSE
267663,".","",FALSE
143467,".","",FALSE
143519,".","",FALSE
143528,".","",FALSE
143591,".","",FALSE
143594,".","",FALSE
143606,".","",FALSE
143607,".","",FALSE
143618,".","",FALSE
143473,".","",FALSE
143548,".","",FALSE
143565,".","",FALSE
143582,".","",FALSE
143589,".","",FALSE
143590,".","",FALSE
143592,".","",FALSE
143608,".","",FALSE
143612,".","",FALSE
143770,".","",FALSE
143771,".","",FALSE
143772,".","",FALSE
143773,".","",FALSE
143774,".","",FALSE
143776,".","",FALSE
143777,".","",FALSE
143842,".","",FALSE
143843,".","",FALSE
143844,".","",FALSE
143854,".","",FALSE
143857,".","",FALSE
143858,".","",FALSE
144358,".","",FALSE
157373,"PFDN5","",FALSE
158238,"BAZ2A","",FALSE
158479,".","",FALSE
178647,"UBC","",FALSE
178648,".","",FALSE
143545,"CDCA3","",FALSE
143545,"USP5","",FALSE
158482,"CDK4","",FALSE
158482,"MARCH9","",FALSE
155648,"SLC38A1","",FALSE
156048,"RP1-197B17.3","",FALSE
156048,"RPAP3","",FALSE
156055,"RAPGEF3","",FALSE
156055,"SLC48A1","",FALSE
156059,"RAPGEF3","",FALSE
156059,"SLC48A1","",FALSE
156069,"HDAC7","",FALSE
156069,"RP5-1057I20.2","",FALSE
156080,"RP11-89H19.1","",FALSE
156080,"VDR","",FALSE
156097,"VDR","",FALSE
156100,"TMEM106C","",FALSE
156116,"RP1-228P16.5","",FALSE
156131,"RNU6-1203P","",FALSE
156139,"PFKM","",FALSE
156139,"SENP1","",FALSE
156161,".","",FALSE
156164,"ASB8","",FALSE
156165,"C12orf68","",FALSE
156166,".","",FALSE
156170,"OR10AD1","",FALSE
156207,"H1FNT","",FALSE
156261,"ANP32D","",FALSE
156268,"C12orf54","",FALSE
156275,"OR8S1","",FALSE
156275,"RP11-722P11.4","",FALSE
156296,"LALBA","",FALSE
156317,"SNORA34","",FALSE
156339,"LINC00935","",FALSE
156395,".","",FALSE
156417,".","",FALSE
156418,".","",FALSE
156441,".","",FALSE
156445,".","",FALSE
156446,".","",FALSE
156448,".","",FALSE
156449,".","",FALSE
156450,".","",FALSE
156451,".","",FALSE
156452,".","",FALSE
156453,".","",FALSE
156454,".","",FALSE
156455,".","",FALSE
156456,".","",FALSE
156457,".","",FALSE
156461,".","",FALSE
156464,".","",FALSE
156466,".","",FALSE
156476,".","",FALSE
157344,"IGFBP6","",FALSE
157379,"AAAS","",FALSE
157393,"SP1","",FALSE
157421,"MAP3K12","",FALSE
157422,"NPFF","",FALSE
157422,"RP11-793H13.10","",FALSE
157422,"RP11-793H13.11","",FALSE
157422,"TARBP2","",FALSE
157455,"ATF7","",FALSE
157455,"RP11-793H13.10","",FALSE
157465,"ATP5G2","",FALSE
157470,".","",FALSE
157475,"CALCOCO1","",FALSE
157497,"SNORD81","",FALSE
157532,"HOXC13-AS","",FALSE
157532,"HOXC13","",FALSE
157537,"HOTAIR","",FALSE
157537,"HOXC11","",FALSE
157541,"MIR196A2","",FALSE
157542,"HOXC6","",FALSE
157542,"HOXC9","",FALSE
157542,"HOXC-AS1","",FALSE
157542,"HOXC-AS2","",FALSE
157543,"HOXC8","",FALSE
157546,"AC012531.25","",FALSE
157546,"HOXC4","",FALSE
157546,"RP11-834C11.14","",FALSE
157548,"HOXC4","",FALSE
157548,"HOXC5","",FALSE
157548,"HOXC6","",FALSE
157548,"MIR615","",FALSE
157584,"SMUG1","",FALSE
157603,"RP11-968A15.2","",FALSE
157607,"CBX5","",FALSE
157607,"HNRNPA1","",FALSE
157607,"RP11-968A15.8","",FALSE
157616,"RNU6-950P","",FALSE
157620,"MIR148B","",FALSE
157630,"GPR84","",FALSE
157637,"ZNF385A","",FALSE
157645,"ITGA5","",FALSE
157645,"RP11-753H16.3","",FALSE
157674,"GTSF1","",FALSE
157685,"NCKAP1L","",FALSE
157692,"RP11-1049A21.2","",FALSE
157693,"PDE1B","",FALSE
157815,"TESPA1","",FALSE
158036,"BLOC1S1","",FALSE
158036,"ITGA7","",FALSE
158036,"RP11-644F5.10","",FALSE
158053,"ORMDL2","",FALSE
158053,"SARNP","",FALSE
158078,"CDK2","",FALSE
158078,"PMEL","",FALSE
158078,"RAB5B","",FALSE
158078,"RP11-973D8.4","",FALSE
158096,"RP11-603J24.4","",FALSE
158096,"RPS26","",FALSE
158141,"NABP2","",FALSE
158141,"RNF41","",FALSE
158499,"CTDSP2","",FALSE
158499,"RP11-620J15.1","",FALSE
158110,"PA2G4","",FALSE
158111,"PA2G4","",FALSE
158111,"RP11-603J24.17","",FALSE
158111,"RPL41","",FALSE
158115,"RP11-603J24.6","",FALSE
158130,"RP11-977G19.5","",FALSE
158130,"SMARCC2","",FALSE
158131,".","",FALSE
158133,".","",FALSE
158135,".","",FALSE
158136,".","",FALSE
158142,"NABP2","",FALSE
158142,"SLC39A5","",FALSE
158145,".","",FALSE
158146,"ANKRD52","",FALSE
158146,"COQ10A","",FALSE
158147,"COQ10A","",FALSE
158147,"CS","",FALSE
158147,"RP11-977G19.14","",FALSE
158155,".","",FALSE
158156,"RP11-977G19.12","",FALSE
158175,"STAT2","",FALSE
158225,".","",FALSE
158114,".","",FALSE
158116,".","",FALSE
158117,".","",FALSE
158127,".","",FALSE
158129,".","",FALSE
158137,".","",FALSE
158144,".","",FALSE
158160,".","",FALSE
158162,".","",FALSE
158204,".","",FALSE
158216,".","",FALSE
158218,".","",FALSE
158219,".","",FALSE
158222,"RNU6-343P","",FALSE
158223,".","",FALSE
158226,".","",FALSE
158227,".","",FALSE
158230,".","",FALSE
158231,".","",FALSE
158233,".","",FALSE
158235,".","",FALSE
158237,".","",FALSE
158239,".","",FALSE
182103,".","",FALSE
182105,".","",FALSE
182106,".","",FALSE
182107,".","",FALSE
182108,".","",FALSE
182109,".","",FALSE
182119,".","",FALSE
182133,".","",FALSE
182135,".","",FALSE
182167,".","",FALSE
182168,".","",FALSE
182301,".","",FALSE
182302,".","",FALSE
182303,".","",FALSE
182304,".","",FALSE
182305,".","",FALSE
182306,".","",FALSE
182307,".","",FALSE
182308,".","",FALSE
182310,".","",FALSE
182311,".","",FALSE
182312,".","",FALSE
182313,".","",FALSE
182314,".","",FALSE
182315,".","",FALSE
182316,".","",FALSE
182317,".","",FALSE
182318,".","",FALSE
182351,".","",FALSE
182372,".","",FALSE
181181,".","",FALSE
181474,"SAP18","",FALSE
181593,"MICU2","",FALSE
181594,".","",FALSE
181613,".","",FALSE
182095,".","",FALSE
182110,".","",FALSE
182120,".","",FALSE
182131,".","",FALSE
182229,".","",FALSE
182278,".","",FALSE
182280,"C1QTNF9B","",FALSE
182281,".","",FALSE
182282,".","",FALSE
182283,".","",FALSE
182292,".","",FALSE
182293,".","",FALSE
182294,".","",FALSE
182295,".","",FALSE
182296,".","",FALSE
182297,".","",FALSE
182300,".","",FALSE
182309,".","",FALSE
182377,".","",FALSE
182379,".","",FALSE
182384,".","",FALSE
182385,".","",FALSE
182386,".","",FALSE
182387,".","",FALSE
182388,".","",FALSE
182391,".","",FALSE
182423,".","",FALSE
182439,".","",FALSE
182440,".","",FALSE
182441,"PARP4","",FALSE
182479,".","",FALSE
182481,".","",FALSE
182482,".","",FALSE
182515,".","",FALSE
182516,".","",FALSE
182517,".","",FALSE
182518,".","",FALSE
182519,".","",FALSE
182561,".","",FALSE
182668,".","",FALSE
182672,".","",FALSE
182673,".","",FALSE
182675,".","",FALSE
183495,"PAN3-AS1","",FALSE
183495,"PAN3","",FALSE
189204,".","",FALSE
189205,".","",FALSE
190839,".","",FALSE
190939,".","",FALSE
190942,".","",FALSE
209880,".","",FALSE
209926,".","",FALSE
210022,".","",FALSE
210035,".","",FALSE
210036,".","",FALSE
210039,".","",FALSE
210071,".","",FALSE
210072,".","",FALSE
210073,".","",FALSE
210074,".","",FALSE
210083,".","",FALSE
210086,".","",FALSE
210106,".","",FALSE
210107,".","",FALSE
210109,".","",FALSE
210130,".","",FALSE
419141,"PCMTD2","",FALSE
419142,".","",FALSE
210873,"TMEM253","",FALSE
210873,"ZNF219","",FALSE
210874,"ZNF219","",FALSE
210951,"CHD8","",FALSE
210968,"METTL3","",FALSE
210969,"AE000658.22","",FALSE
210969,"SALL2","",FALSE
210972,"SALL2","",FALSE
211257,"AE000662.92","",FALSE
211257,"AE000662.93","",FALSE
211258,".","",FALSE
211261,".","",FALSE
211262,".","",FALSE
211265,".","",FALSE
211268,".","",FALSE
211269,"DAD1","",FALSE
211270,".","",FALSE
211271,"ABHD4","",FALSE
211282,"OR6J1","",FALSE
211314,"CTD-2555K7.2","",FALSE
211314,"OXA1L","",FALSE
211322,"AL135998.1","",FALSE
211322,"MRPL52","",FALSE
211322,"SLC7A7","",FALSE
211323,"MMP14","",FALSE
211327,"LRP10","",FALSE
211327,"REM2","",FALSE
211327,"Y_RNA","",FALSE
211342,"PRMT5","",FALSE
211342,"RP11-298I3.1","",FALSE
211348,"HAUS4","",FALSE
211348,"MIR4707","",FALSE
211356,"AJUBA","",FALSE
211356,"RP11-298I3.4","",FALSE
211356,"RP11-298I3.5","",FALSE
211367,"C14orf93","",FALSE
211367,"SNORA73","",FALSE
211371,"AL132780.1","",FALSE
211371,"PSMB11","",FALSE
211371,"PSMB5","",FALSE
211373,"ACIN1","",FALSE
211373,"CDH24","",FALSE
211383,"ACIN1","",FALSE
211383,"C14orf119","",FALSE
211384,"ACIN1","",FALSE
211384,"C14orf119","",FALSE
211397,"RNU6-1138P","",FALSE
211397,"SLC7A8","",FALSE
211400,"SLC7A8","",FALSE
211401,"C14orf164","",FALSE
211482,"AP1G2","",FALSE
211482,"RP11-66N24.3","",FALSE
211482,"RP11-66N24.4","",FALSE
211482,"THTPA","",FALSE
211482,"ZFHX2","",FALSE
211651,"DCAF11","",FALSE
211651,"NRL","",FALSE
211657,"EMC9","",FALSE
211657,"PSME1","",FALSE
211657,"PSME2","",FALSE
211657,"RP11-468E2.5","",FALSE
211659,"PSME2","",FALSE
211659,"RNF31","",FALSE
211659,"RP11-468E2.4","",FALSE
211661,"IRF9","",FALSE
211661,"RNF31","",FALSE
211663,"REC8","",FALSE
211666,"IPO4","",FALSE
211666,"RP11-468E2.2","",FALSE
211666,"TM9SF1","",FALSE
211675,"TSSK4","",FALSE
211676,"CHMP4A","",FALSE
211676,"TM9SF1","",FALSE
211677,"AL136419.6","",FALSE
211677,"MDP1","",FALSE
211677,"NEDD8","",FALSE
211681,"GMPR2","",FALSE
211681,"TINF2","",FALSE
211724,"CBLN3","",FALSE
211724,"KHNYN","",FALSE
211376,".","",FALSE
211378,".","",FALSE
211380,".","",FALSE
211382,".","",FALSE
211385,".","",FALSE
211386,".","",FALSE
211387,"CEBPE","",FALSE
211389,".","",FALSE
211423,".","",FALSE
211424,".","",FALSE
211442,".","",FALSE
211459,".","",FALSE
211460,".","",FALSE
211483,".","",FALSE
211358,".","",FALSE
211484,"AP1G2","",FALSE
265965,"SNORA30","",FALSE
265965,"SRCAP","",FALSE
266012,"SETD1A","",FALSE
266013,".","",FALSE
266014,".","",FALSE
266015,"AC135048.1","",FALSE
266015,"HSD3B7","",FALSE
266015,"STX1B","",FALSE
266017,"STX1B","",FALSE
266018,"STX4","",FALSE
266019,".","",FALSE
266020,".","",FALSE
266021,".","",FALSE
266026,"ZNF646","",FALSE
266031,"KAT8","",FALSE
266031,"PRSS36","",FALSE
266031,"PRSS8","",FALSE
266031,"RP11-388M20.2","",FALSE
266032,"PRSS36","",FALSE
266033,".","",FALSE
266035,"FUS","",FALSE
266035,"RP11-388M20.6","",FALSE
266036,".","",FALSE
266038,".","",FALSE
266040,"C16orf98","",FALSE
266040,"PYCARD","",FALSE
266042,"PYDC1","",FALSE
266054,"RNU7-199P","",FALSE
266065,".","",FALSE
266071,".","",FALSE
266082,"ITGAX","",FALSE
266082,"RP11-120K18.3","",FALSE
266087,".","",FALSE
266089,".","",FALSE
266092,".","",FALSE
266093,"ITGAD","",FALSE
266095,".","",FALSE
266096,".","",FALSE
266097,".","",FALSE
266098,"COX6A2","",FALSE
266099,".","",FALSE
266100,".","",FALSE
266102,".","",FALSE
266103,".","",FALSE
266104,"ARMC5","",FALSE
266105,".","",FALSE
266200,".","",FALSE
266202,".","",FALSE
259591,"GLYR1","",FALSE
259591,"UBN1","",FALSE
265339,".","",FALSE
265604,".","",FALSE
265950,".","",FALSE
265970,".","",FALSE
265977,"C16orf93","",FALSE
265977,"RNF40","",FALSE
265980,".","",FALSE
265992,".","",FALSE
265993,".","",FALSE
265994,".","",FALSE
266004,".","",FALSE
266005,"FBXL19-AS1","",FALSE
266005,"FBXL19","",FALSE
266006,".","",FALSE
266007,".","",FALSE
266009,".","",FALSE
266010,".","",FALSE
266011,"AC135048.13","",FALSE
266011,"ORAI3","",FALSE
266016,".","",FALSE
266022,".","",FALSE
266027,"PRSS53","",FALSE
266027,"RP11-196G11.1","",FALSE
266027,"VKORC1","",FALSE
266030,".","",FALSE
266034,".","",FALSE
266050,".","",FALSE
266063,".","",FALSE
266075,".","",FALSE
266076,".","",FALSE
266077,".","",FALSE
266081,".","",FALSE
266086,".","",FALSE
266094,".","",FALSE
266101,".","",FALSE
266106,".","",FALSE
266108,"SLC5A2","",FALSE
266108,"TGFB1I1","",FALSE
266112,"AHSP","",FALSE
266157,".","",FALSE
266158,".","",FALSE
266201,".","",FALSE
266203,"RP11-170L3.2","",FALSE
266203,"ZNF267","",FALSE
266204,".","",FALSE
287110,"MED24","",FALSE
287189,"TOP2A","",FALSE
287304,"KRT28","",FALSE
287531,"GAST","",FALSE
287544,"JUP","",FALSE
287550,"FKBP10","",FALSE
287550,"LEPREL4","",FALSE
287552,"KLHL10","",FALSE
287552,"NT5C3B","",FALSE
287552,"RN7SL871P","",FALSE
287555,"KLHL11","",FALSE
287570,"CNP","",FALSE
287594,"DNAJC7","",FALSE
287594,"NKIRAS2","",FALSE
287603,"ZNF385C","",FALSE
287611,"DHX58","",FALSE
287624,"CTD-2132N18.3","",FALSE
287624,"RAB5C","",FALSE
287624,"RP11-358B23.1","",FALSE
287630,"HCRT","",FALSE
287630,"KCNH4","",FALSE
287633,"GHDC","",FALSE
287652,"AC003104.1","",FALSE
287675,"AC107993.1","",FALSE
287677,"PTRF","",FALSE
287682,"RNU7-97P","",FALSE
287684,"ATP6V0A1","",FALSE
287712,"PSMC3IP","",FALSE
287720,"FAM134C","",FALSE
287720,"TUBG1","",FALSE
287744,"HMGN2P15","",FALSE
287753,"CNTD1","",FALSE
287753,"COA3","",FALSE
294087,".","",FALSE
294205,".","",FALSE
294211,".","",FALSE
294214,".","",FALSE
294221,".","",FALSE
294223,".","",FALSE
294230,".","",FALSE
294255,".","",FALSE
294256,".","",FALSE
294259,".","",FALSE
294260,".","",FALSE
294261,".","",FALSE
294262,".","",FALSE
294263,".","",FALSE
294280,".","",FALSE
294282,".","",FALSE
294283,".","",FALSE
294289,".","",FALSE
294292,".","",FALSE
294293,".","",FALSE
294295,".","",FALSE
294296,".","",FALSE
294300,".","",FALSE
294301,".","",FALSE
294302,".","",FALSE
294303,".","",FALSE
294305,".","",FALSE
294306,".","",FALSE
294307,".","",FALSE
294308,".","",FALSE
294309,".","",FALSE
294310,".","",FALSE
294311,".","",FALSE
294312,".","",FALSE
294313,".","",FALSE
294315,".","",FALSE
294316,".","",FALSE
294317,".","",FALSE
294319,".","",FALSE
294320,".","",FALSE
294322,".","",FALSE
294323,".","",FALSE
294325,".","",FALSE
294326,".","",FALSE
294330,".","",FALSE
294331,".","",FALSE
294332,".","",FALSE
294333,".","",FALSE
294335,".","",FALSE
294336,".","",FALSE
294337,".","",FALSE
294338,".","",FALSE
294340,".","",FALSE
294341,".","",FALSE
294344,".","",FALSE
294345,".","",FALSE
294346,".","",FALSE
294348,".","",FALSE
294349,".","",FALSE
294351,".","",FALSE
294352,".","",FALSE
294355,".","",FALSE
294356,".","",FALSE
294357,".","",FALSE
294358,".","",FALSE
294584,".","",FALSE
294194,".","",FALSE
294197,".","",FALSE
294199,".","",FALSE
294200,".","",FALSE
294212,".","",FALSE
294225,".","",FALSE
294226,".","",FALSE
294229,".","",FALSE
294235,".","",FALSE
294237,".","",FALSE
294238,".","",FALSE
294239,".","",FALSE
294240,".","",FALSE
294241,".","",FALSE
294242,".","",FALSE
294247,".","",FALSE
294248,".","",FALSE
294249,".","",FALSE
294251,".","",FALSE
294252,".","",FALSE
294253,".","",FALSE
294254,".","",FALSE
294257,".","",FALSE
294258,".","",FALSE
294266,".","",FALSE
294267,".","",FALSE
294269,".","",FALSE
294270,".","",FALSE
294272,".","",FALSE
294273,".","",FALSE
294274,".","",FALSE
294275,".","",FALSE
294276,".","",FALSE
294277,".","",FALSE
294278,".","",FALSE
294279,".","",FALSE
294281,".","",FALSE
294284,".","",FALSE
294285,".","",FALSE
294287,".","",FALSE
294288,".","",FALSE
294290,".","",FALSE
294291,".","",FALSE
294294,".","",FALSE
294297,".","",FALSE
294298,".","",FALSE
294573,".","",FALSE
294176,".","",FALSE
294183,".","",FALSE
294185,".","",FALSE
294187,".","",FALSE
294188,".","",FALSE
294189,".","",FALSE
294191,".","",FALSE
294192,".","",FALSE
294195,".","",FALSE
294196,".","",FALSE
294198,".","",FALSE
294201,".","",FALSE
294202,".","",FALSE
294204,".","",FALSE
294206,".","",FALSE
294207,".","",FALSE
294208,".","",FALSE
294209,".","",FALSE
294210,".","",FALSE
294213,"C17orf58","",FALSE
294217,".","",FALSE
294218,".","",FALSE
294222,"KPNA2","",FALSE
294224,".","",FALSE
294227,".","",FALSE
294231,".","",FALSE
294232,".","",FALSE
294233,".","",FALSE
294236,".","",FALSE
294245,".","",FALSE
294246,".","",FALSE
294264,".","",FALSE
294265,".","",FALSE
294268,".","",FALSE
294271,"AMZ2","",FALSE
294271,"RP11-147L13.2","",FALSE
294574,".","",FALSE
294575,".","",FALSE
294579,".","",FALSE
296808,"RP11-806H10.4","",FALSE
296808,"SOCS3","",FALSE
296827,".","",FALSE
296828,".","",FALSE
296831,".","",FALSE
296832,".","",FALSE
296833,".","",FALSE
296834,".","",FALSE
296867,".","",FALSE
296868,"RNU6-638P","",FALSE
296870,".","",FALSE
296871,".","",FALSE
296872,".","",FALSE
296873,".","",FALSE
296874,".","",FALSE
296876,".","",FALSE
296877,".","",FALSE
296881,".","",FALSE
296882,".","",FALSE
296883,".","",FALSE
296884,".","",FALSE
296885,".","",FALSE
296886,".","",FALSE
296904,"USP36","",FALSE
286515,".","",FALSE
286516,"LHX1","",FALSE
286516,"RP11-445F12.1","",FALSE
286517,".","",FALSE
286519,".","",FALSE
289036,"HOXB13","",FALSE
297084,".","",FALSE
297088,".","",FALSE
297092,".","",FALSE
297093,".","",FALSE
297094,".","",FALSE
297095,".","",FALSE
297096,".","",FALSE
297097,".","",FALSE
297098,".","",FALSE
297099,".","",FALSE
297100,".","",FALSE
297101,".","",FALSE
297102,".","",FALSE
297103,".","",FALSE
297104,".","",FALSE
297105,".","",FALSE
297106,".","",FALSE
297107,".","",FALSE
297108,".","",FALSE
297109,".","",FALSE
297110,".","",FALSE
297111,".","",FALSE
297113,".","",FALSE
297115,".","",FALSE
297116,".","",FALSE
297121,".","",FALSE
297123,".","",FALSE
297359,".","",FALSE
297360,".","",FALSE
297361,".","",FALSE
297362,".","",FALSE
297363,".","",FALSE
297364,".","",FALSE
297367,".","",FALSE
297370,".","",FALSE
297371,".","",FALSE
297372,"RP11-1055B8.6","",FALSE
297372,"RP11-1055B8.7","",FALSE
297373,".","",FALSE
297374,".","",FALSE
297377,".","",FALSE
297381,".","",FALSE
297382,".","",FALSE
297383,"AC139149.1","",FALSE
297383,"ACTG1","",FALSE
297383,"RP13-766D20.1","",FALSE
297383,"RP13-766D20.2","",FALSE
297413,".","",FALSE
297419,".","",FALSE
297405,".","",FALSE
297409,".","",FALSE
297414,".","",FALSE
297408,"ARL16","",FALSE
297408,"HGS","",FALSE
297427,"ALYREF","",FALSE
297427,"ANAPC11","",FALSE
297427,"NPB","",FALSE
297427,"PCYT2","",FALSE
297430,"AC137723.5","",FALSE
297430,"MAFG-AS1","",FALSE
297430,"MAFG","",FALSE
297430,"MYADML2","",FALSE
297430,"PYCR1","",FALSE
297430,"RP11-498C9.12","",FALSE
297430,"RP11-498C9.13","",FALSE
297430,"SIRT7","",FALSE
297433,"ASPSCR1","",FALSE
297440,"DCXR","",FALSE
297440,"RP13-650J16.1","",FALSE
297443,"DUS1L","",FALSE
297443,"GPS1","",FALSE
297443,"RFNG","",FALSE
297463,"CSNK1D","",FALSE
297471,"SECTM1","",FALSE
297475,"TEX19","",FALSE
297479,"OGFOD3","",FALSE
297479,"RP13-20L14.1","",FALSE
297479,"UTS2R","",FALSE
297494,"C17orf62","",FALSE
297549,"FN3K","",FALSE
297549,"RP11-388C12.5","",FALSE
297549,"RP11-388C12.8","",FALSE
297438,".","",FALSE
297439,".","",FALSE
297462,".","",FALSE
297464,".","",FALSE
297466,".","",FALSE
297467,".","",FALSE
297468,".","",FALSE
297469,".","",FALSE
297470,"CD7","",FALSE
297470,"SECTM1","",FALSE
297472,".","",FALSE
297473,".","",FALSE
297474,".","",FALSE
297477,".","",FALSE
297478,".","",FALSE
297481,".","",FALSE
297482,".","",FALSE
297483,".","",FALSE
297484,".","",FALSE
297485,"HEXDC","",FALSE
297485,"OGFOD3","",FALSE
297485,"Y_RNA","",FALSE
297486,".","",FALSE
297487,".","",FALSE
297490,".","",FALSE
297493,".","",FALSE
297501,".","",FALSE
297511,".","",FALSE
297515,".","",FALSE
297516,".","",FALSE
297517,".","",FALSE
297444,"DUS1L","",FALSE
297496,"NARF","",FALSE
297496,"RP13-20L14.6","",FALSE
321890,"EIF3G","",FALSE
321907,"CTD-2369P2.4","",FALSE
321907,"ICAM1","",FALSE
321907,"MRPL4","",FALSE
321909,"CTD-2369P2.8","",FALSE
321909,"ICAM4","",FALSE
321918,".","",FALSE
321920,".","",FALSE
321937,"KRI1","",FALSE
321893,".","",FALSE
321908,".","",FALSE
321952,"ILF3-AS1","",FALSE
321952,"ILF3","",FALSE
321954,".","",FALSE
321854,".","",FALSE
321859,".","",FALSE
321861,".","",FALSE
321862,".","",FALSE
321863,".","",FALSE
321864,"OLFM2","",FALSE
321865,".","",FALSE
321888,"ANGPTL6","",FALSE
321889,"EIF3G","",FALSE
321889,"P2RY11","",FALSE
321889,"PPAN","",FALSE
321889,"PPAN-P2RY11","",FALSE
321889,"SNORD105B","",FALSE
321889,"SNORD105","",FALSE
321899,"DNMT1","",FALSE
321900,".","",FALSE
321905,".","",FALSE
321906,".","",FALSE
321910,"ICAM5","",FALSE
321910,"ZGLP1","",FALSE
321911,".","",FALSE
321914,".","",FALSE
321916,".","",FALSE
321917,".","",FALSE
321929,".","",FALSE
321930,".","",FALSE
321931,"S1PR5","",FALSE
321932,".","",FALSE
321948,".","",FALSE
321949,".","",FALSE
321950,".","",FALSE
321951,".","",FALSE
321953,".","",FALSE
321956,".","",FALSE
321957,".","",FALSE
321958,".","",FALSE
321959,".","",FALSE
321966,".","",FALSE
321978,".","",FALSE
321981,".","",FALSE
321979,"CARM1","",FALSE
321921,".","",FALSE
321922,"CDC37","",FALSE
321922,"MIR1181","",FALSE
321923,".","",FALSE
321924,"CDC37","",FALSE
321924,"PDE4A","",FALSE
321925,".","",FALSE
321926,".","",FALSE
321927,".","",FALSE
321936,".","",FALSE
321940,".","",FALSE
321945,".","",FALSE
321946,".","",FALSE
321947,"AC011475.1","",FALSE
321947,"SLC44A2","",FALSE
321955,".","",FALSE
321961,".","",FALSE
321962,".","",FALSE
321965,".","",FALSE
321969,".","",FALSE
321970,".","",FALSE
321971,".","",FALSE
321973,".","",FALSE
321974,".","",FALSE
321975,".","",FALSE
321976,".","",FALSE
321980,".","",FALSE
321984,".","",FALSE
321986,".","",FALSE
321988,".","",FALSE
321989,".","",FALSE
321994,".","",FALSE
327615,"AD000684.2","",FALSE
327615,"LSR","",FALSE
327615,"USF2","",FALSE
327641,"AC002511.2","",FALSE
327641,"RN7SL491P","",FALSE
327657,"DMKN","",FALSE
327657,"KRTDAP","",FALSE
327658,"DMKN","",FALSE
327663,"SBSN","",FALSE
327665,"GAPDHS","",FALSE
327667,"AD000090.2","",FALSE
327667,"TMEM147","",FALSE
327672,"ATP4A","",FALSE
327687,"ETV2","",FALSE
327695,".","",FALSE
327700,"ZBTB32","",FALSE
327701,"KMT2B","",FALSE
327702,".","",FALSE
327710,"PRODH2","",FALSE
327718,"NPHS1","",FALSE
327719,"KIRREL2","",FALSE
327720,"APLP1","",FALSE
327720,"NPHS1","",FALSE
327723,"HCST","",FALSE
327723,"NFKBID","",FALSE
327726,"TYROBP","",FALSE
327730,"LRFN3","",FALSE
327741,"SDHAF1","",FALSE
327750,"THAP8","",FALSE
327750,"WDR62","",FALSE
327756,"OVOL3","",FALSE
327756,"POLR2I","",FALSE
327756,"TBCB","",FALSE
327769,"ZNF146","",FALSE
327769,"ZNF565","",FALSE
328245,"YIF1B","",FALSE
328382,"MED29","",FALSE
328382,"PAF1","",FALSE
329262,"ZNF428","",FALSE
331123,"LENG1","",FALSE
331123,"TMC4","",FALSE
331129,"MBOAT7","",FALSE
331129,"TSEN34","",FALSE
331964,"CENPBD1P1","",FALSE
331964,"MZF1","",FALSE
327650,"FFAR2","",FALSE
327668,".","",FALSE
337081,".","",FALSE
337083,".","",FALSE
337285,".","",FALSE
337286,".","",FALSE
337287,".","",FALSE
337288,".","",FALSE
337289,".","",FALSE
337290,".","",FALSE
337291,".","",FALSE
337293,".","",FALSE
337294,".","",FALSE
337296,".","",FALSE
337297,".","",FALSE
337299,".","",FALSE
337300,".","",FALSE
337301,".","",FALSE
337302,".","",FALSE
337303,".","",FALSE
337304,".","",FALSE
337308,".","",FALSE
337312,".","",FALSE
337313,".","",FALSE
337314,".","",FALSE
337315,".","",FALSE
337316,".","",FALSE
337317,".","",FALSE
337318,".","",FALSE
337321,".","",FALSE
337322,".","",FALSE
337323,".","",FALSE
337324,".","",FALSE
337325,".","",FALSE
337326,".","",FALSE
337327,".","",FALSE
337328,".","",FALSE
337329,".","",FALSE
337330,".","",FALSE
337331,".","",FALSE
337332,".","",FALSE
337333,".","",FALSE
337334,".","",FALSE
337335,".","",FALSE
337336,".","",FALSE
337337,".","",FALSE
337338,".","",FALSE
337339,".","",FALSE
337340,".","",FALSE
337342,".","",FALSE
337343,".","",FALSE
337344,".","",FALSE
337345,".","",FALSE
337346,".","",FALSE
337347,"RDH14","",FALSE
337348,".","",FALSE
337349,".","",FALSE
337350,".","",FALSE
337351,".","",FALSE
337352,"NT5C1B","",FALSE
337352,"RNU6-1215P","",FALSE
337353,"NT5C1B","",FALSE
337353,"NT5C1B-RDH14","",FALSE
337354,".","",FALSE
337358,".","",FALSE
337405,".","",FALSE
337406,".","",FALSE
337407,".","",FALSE
337408,".","",FALSE
337410,".","",FALSE
337411,".","",FALSE
337412,".","",FALSE
337413,".","",FALSE
337717,".","",FALSE
337719,".","",FALSE
337720,".","",FALSE
337739,".","",FALSE
337755,".","",FALSE
337756,".","",FALSE
337758,".","",FALSE
337759,".","",FALSE
337760,".","",FALSE
337761,".","",FALSE
337762,".","",FALSE
337763,".","",FALSE
337764,".","",FALSE
337765,".","",FALSE
337766,".","",FALSE
337767,".","",FALSE
337768,".","",FALSE
337769,".","",FALSE
337770,"RP11-79O8.1","",FALSE
337770,"TTC32","",FALSE
337771,".","",FALSE
337772,".","",FALSE
337773,".","",FALSE
337774,".","",FALSE
337796,".","",FALSE
337805,".","",FALSE
337806,".","",FALSE
337818,".","",FALSE
337984,"GDF7","",FALSE
350652,"AC009501.4","",FALSE
350653,"OTX1","",FALSE
351730,".","",FALSE
353513,"EMX1","",FALSE
353514,".","",FALSE
358828,"ZNF2","",FALSE
358828,"ZNF514","",FALSE
361563,".","",FALSE
361564,".","",FALSE
361565,"LINC01158","",FALSE
361565,"POU3F3","",FALSE
361565,"RP11-13J10.1","",FALSE
361566,".","",FALSE
361567,".","",FALSE
361568,".","",FALSE
361569,".","",FALSE
365734,"EN1","",FALSE
365735,".","",FALSE
382424,"DLX1","",FALSE
382426,".","",FALSE
382427,".","",FALSE
383069,".","",FALSE
383589,"HOXD13","",FALSE
383590,".","",FALSE
383594,"AC009336.1","",FALSE
383594,"HOXD10","",FALSE
383594,"HOXD11","",FALSE
353759,"C2orf78","",FALSE
353759,"DUSP11","",FALSE
353767,"STAMBP","",FALSE
353835,"BOLA3-AS1","",FALSE
353835,"BOLA3","",FALSE
353853,"MTHFD2","",FALSE
353911,"DCTN1","",FALSE
353928,"CCDC142","",FALSE
353928,"TTC31","",FALSE
353939,"AUP1","",FALSE
353939,"DQX1","",FALSE
353941,"AUP1","",FALSE
353941,"HTRA2","",FALSE
353942,".","",FALSE
353950,"DOK1","",FALSE
353950,"LOXL3","",FALSE
353953,"LOXL3","",FALSE
353956,".","",FALSE
353957,".","",FALSE
353958,".","",FALSE
353959,".","",FALSE
353961,".","",FALSE
353962,".","",FALSE
353963,".","",FALSE
353964,".","",FALSE
353965,".","",FALSE
353967,".","",FALSE
353984,"M1AP","",FALSE
353984,"SEMA4F","",FALSE
354038,".","",FALSE
340208,".","",FALSE
353750,".","",FALSE
353751,"RP11-434P11.2","",FALSE
353751,"TPRKB","",FALSE
353756,".","",FALSE
353757,".","",FALSE
353758,".","",FALSE
353768,".","",FALSE
353838,".","",FALSE
353863,".","",FALSE
353865,".","",FALSE
353930,".","",FALSE
353940,".","",FALSE
353949,".","",FALSE
353954,".","",FALSE
353955,".","",FALSE
354027,".","",FALSE
353848,"MOB1A","",FALSE
353852,".","",FALSE
357245,".","",FALSE
357301,".","",FALSE
357302,"TGOLN2","",FALSE
357311,".","",FALSE
357327,".","",FALSE
357328,".","",FALSE
357329,".","",FALSE
357330,".","",FALSE
357331,".","",FALSE
357332,".","",FALSE
357333,".","",FALSE
357334,".","",FALSE
357335,".","",FALSE
357336,".","",FALSE
357338,".","",FALSE
357339,".","",FALSE
357340,".","",FALSE
357341,".","",FALSE
357342,".","",FALSE
357343,".","",FALSE
357344,".","",FALSE
357345,"MAT2A","",FALSE
357346,".","",FALSE
357347,".","",FALSE
357348,".","",FALSE
357349,".","",FALSE
357350,".","",FALSE
357351,"GGCX","",FALSE
357351,"VAMP8","",FALSE
357352,".","",FALSE
357353,".","",FALSE
357354,".","",FALSE
357355,".","",FALSE
357356,".","",FALSE
357357,".","",FALSE
357358,"VAMP5","",FALSE
357359,".","",FALSE
357360,".","",FALSE
357361,"RNF181","",FALSE
357362,".","",FALSE
357363,"TMEM150A","",FALSE
357363,"USP39","",FALSE
357364,".","",FALSE
357365,".","",FALSE
357366,".","",FALSE
357367,"C2orf68","",FALSE
357367,"USP39","",FALSE
357368,".","",FALSE
357369,".","",FALSE
357370,".","",FALSE
357384,".","",FALSE
357385,".","",FALSE
357386,".","",FALSE
357387,".","",FALSE
357388,".","",FALSE
357450,".","",FALSE
357459,".","",FALSE
357473,".","",FALSE
357488,".","",FALSE
361698,".","",FALSE
361699,"AC012360.4","",FALSE
361699,"C2orf49","",FALSE
361699,"RP11-332H14.2","",FALSE
361699,"TGFBRAP1","",FALSE
361700,".","",FALSE
361701,".","",FALSE
361702,".","",FALSE
361703,".","",FALSE
361704,".","",FALSE
361705,".","",FALSE
361706,".","",FALSE
361707,".","",FALSE
361708,".","",FALSE
361709,".","",FALSE
361710,".","",FALSE
361711,"AC012360.6","",FALSE
361712,".","",FALSE
361714,".","",FALSE
361717,".","",FALSE
361719,".","",FALSE
361749,".","",FALSE
361751,".","",FALSE
361753,".","",FALSE
361755,".","",FALSE
361756,".","",FALSE
361757,".","",FALSE
361758,".","",FALSE
361759,".","",FALSE
361760,".","",FALSE
361761,".","",FALSE
361763,".","",FALSE
361764,".","",FALSE
361765,".","",FALSE
361766,".","",FALSE
361768,".","",FALSE
361769,".","",FALSE
361770,".","",FALSE
361771,".","",FALSE
361772,".","",FALSE
361774,".","",FALSE
361784,".","",FALSE
361811,".","",FALSE
361812,".","",FALSE
361813,".","",FALSE
361814,".","",FALSE
361815,".","",FALSE
361816,".","",FALSE
361817,".","",FALSE
361818,".","",FALSE
361819,".","",FALSE
361820,".","",FALSE
361821,".","",FALSE
361822,".","",FALSE
361823,".","",FALSE
361824,".","",FALSE
361825,".","",FALSE
361826,".","",FALSE
361827,".","",FALSE
361828,".","",FALSE
361829,".","",FALSE
361830,".","",FALSE
361831,".","",FALSE
361832,".","",FALSE
361833,".","",FALSE
361834,".","",FALSE
361835,".","",FALSE
361836,".","",FALSE
361837,".","",FALSE
361838,".","",FALSE
361839,".","",FALSE
361840,"AC009505.2","",FALSE
361841,".","",FALSE
361842,".","",FALSE
361843,".","",FALSE
361844,".","",FALSE
361845,".","",FALSE
361846,".","",FALSE
361847,".","",FALSE
361848,".","",FALSE
361849,".","",FALSE
361850,".","",FALSE
361851,".","",FALSE
361852,".","",FALSE
361853,".","",FALSE
361854,".","",FALSE
361855,".","",FALSE
361856,".","",FALSE
361857,".","",FALSE
361858,".","",FALSE
361859,".","",FALSE
361860,".","",FALSE
361861,".","",FALSE
361862,".","",FALSE
361863,".","",FALSE
361864,".","",FALSE
361865,".","",FALSE
361866,".","",FALSE
361868,".","",FALSE
361869,".","",FALSE
361871,".","",FALSE
361872,".","",FALSE
361873,".","",FALSE
361874,".","",FALSE
361876,".","",FALSE
361877,".","",FALSE
361878,".","",FALSE
361879,".","",FALSE
361880,".","",FALSE
361882,".","",FALSE
361883,".","",FALSE
361884,".","",FALSE
361885,".","",FALSE
361886,".","",FALSE
361888,".","",FALSE
361889,".","",FALSE
361890,".","",FALSE
361891,".","",FALSE
361892,".","",FALSE
361893,".","",FALSE
361894,".","",FALSE
361895,"C2orf40","",FALSE
361896,".","",FALSE
361897,".","",FALSE
361898,".","",FALSE
361899,".","",FALSE
361901,".","",FALSE
361902,".","",FALSE
361903,".","",FALSE
361904,".","",FALSE
361905,".","",FALSE
361906,".","",FALSE
361907,".","",FALSE
361908,".","",FALSE
361909,".","",FALSE
361910,".","",FALSE
361911,".","",FALSE
361915,".","",FALSE
361916,".","",FALSE
361917,".","",FALSE
361918,".","",FALSE
361919,".","",FALSE
361920,".","",FALSE
361921,".","",FALSE
361922,".","",FALSE
361923,".","",FALSE
361925,".","",FALSE
361926,"AC018878.3","",FALSE
361927,".","",FALSE
361928,".","",FALSE
361929,"UXS1","",FALSE
361930,".","",FALSE
361931,".","",FALSE
361934,".","",FALSE
362002,".","",FALSE
362004,".","",FALSE
362005,".","",FALSE
362007,".","",FALSE
362008,".","",FALSE
362009,".","",FALSE
362010,".","",FALSE
362011,".","",FALSE
362017,".","",FALSE
362018,".","",FALSE
362019,".","",FALSE
362654,".","",FALSE
363330,"AC096670.3","",FALSE
363330,"BCL2L11","",FALSE
419081,".","",FALSE
419084,".","",FALSE
419085,"DNAJC5","",FALSE
419094,"MIR647","",FALSE
419094,"UCKL1","",FALSE
419095,".","",FALSE
419097,"AL118506.1","",FALSE
419097,"UCKL1","",FALSE
419098,".","",FALSE
419099,"PRPF6","",FALSE
419099,"SAMD10","",FALSE
419099,"ZNF512B","",FALSE
419100,".","",FALSE
419113,".","",FALSE
439695,".","",FALSE
439698,".","",FALSE
439699,"RAD18","",FALSE
439797,".","",FALSE
439801,".","",FALSE
439803,".","",FALSE
439806,".","",FALSE
439807,".","",FALSE
439808,".","",FALSE
439809,".","",FALSE
439811,".","",FALSE
439812,".","",FALSE
439813,".","",FALSE
439814,".","",FALSE
439815,".","",FALSE
439817,".","",FALSE
439819,".","",FALSE
439821,".","",FALSE
439824,".","",FALSE
439830,".","",FALSE
439832,".","",FALSE
439836,".","",FALSE
439837,".","",FALSE
439840,".","",FALSE
439856,".","",FALSE
439857,".","",FALSE
439858,".","",FALSE
439861,".","",FALSE
439862,".","",FALSE
439864,".","",FALSE
439867,".","",FALSE
439868,".","",FALSE
439870,".","",FALSE
439874,".","",FALSE
439876,".","",FALSE
439877,".","",FALSE
439878,".","",FALSE
439880,".","",FALSE
439882,".","",FALSE
439883,"ARPC4","",FALSE
439883,"ARPC4-TTLL3","",FALSE
439883,"TADA3","",FALSE
439884,".","",FALSE
439885,".","",FALSE
439886,"TTLL3","",FALSE
439887,".","",FALSE
439888,".","",FALSE
439889,".","",FALSE
439890,".","",FALSE
439891,".","",FALSE
439896,".","",FALSE
439899,".","",FALSE
439900,".","",FALSE
439904,".","",FALSE
439906,".","",FALSE
439907,"CRELD1","",FALSE
439907,"PRRT3-AS1","",FALSE
439907,"RP11-1020A11.1","",FALSE
439910,".","",FALSE
439913,".","",FALSE
439914,".","",FALSE
439915,".","",FALSE
439916,".","",FALSE
439917,".","",FALSE
439918,".","",FALSE
439919,".","",FALSE
439920,".","",FALSE
439921,".","",FALSE
439923,".","",FALSE
439925,"CIDECP","",FALSE
439925,"FANCD2","",FALSE
439926,".","",FALSE
439927,".","",FALSE
439935,".","",FALSE
439936,".","",FALSE
439938,".","",FALSE
439939,"FANCD2OS","",FALSE
439941,".","",FALSE
439944,".","",FALSE
439946,".","",FALSE
439961,".","",FALSE
439963,".","",FALSE
439965,".","",FALSE
439967,"GHRL","",FALSE
439967,"GHRLOS","",FALSE
439968,".","",FALSE
439969,"SEC13","",FALSE
439970,".","",FALSE
474988,".","",FALSE
474989,".","",FALSE
474990,".","",FALSE
474991,".","",FALSE
474992,".","",FALSE
474993,".","",FALSE
474994,".","",FALSE
474999,".","",FALSE
475000,".","",FALSE
475001,".","",FALSE
475002,".","",FALSE
475003,".","",FALSE
475004,".","",FALSE
475005,".","",FALSE
475007,".","",FALSE
475008,".","",FALSE
475010,".","",FALSE
475011,".","",FALSE
475012,".","",FALSE
475013,".","",FALSE
475014,".","",FALSE
475015,".","",FALSE
475016,".","",FALSE
475022,".","",FALSE
475023,".","",FALSE
475024,".","",FALSE
475025,".","",FALSE
475026,"RP11-723O4.2","",FALSE
475026,"RP11-723O4.3","",FALSE
475026,"RP11-723O4.9","",FALSE
475027,"ACAD9","",FALSE
475030,".","",FALSE
475031,".","",FALSE
475032,".","",FALSE
475033,".","",FALSE
475034,".","",FALSE
475081,"RAB43","",FALSE
475101,".","",FALSE
475102,".","",FALSE
475108,".","",FALSE
475135,"EFCAB12","",FALSE
492093,".","",FALSE
492094,".","",FALSE
492099,".","",FALSE
492100,".","",FALSE
492104,".","",FALSE
492105,".","",FALSE
492109,".","",FALSE
492117,".","",FALSE
492184,".","",FALSE
492188,".","",FALSE
492189,".","",FALSE
492190,".","",FALSE
492191,".","",FALSE
492192,".","",FALSE
492193,".","",FALSE
492194,".","",FALSE
492195,".","",FALSE
492196,".","",FALSE
492197,".","",FALSE
492198,".","",FALSE
492199,".","",FALSE
492200,".","",FALSE
492201,".","",FALSE
492203,".","",FALSE
492224,".","",FALSE
492226,".","",FALSE
492227,".","",FALSE
492228,".","",FALSE
492230,".","",FALSE
492232,"KLHL24","",FALSE
492233,".","",FALSE
492234,".","",FALSE
492235,".","",FALSE
492236,".","",FALSE
492240,".","",FALSE
492245,".","",FALSE
492246,".","",FALSE
492247,"YEATS2","",FALSE
492250,".","",FALSE
492251,".","",FALSE
492252,".","",FALSE
492253,".","",FALSE
492255,".","",FALSE
492258,".","",FALSE
492261,".","",FALSE
492262,".","",FALSE
492263,".","",FALSE
492265,".","",FALSE
492266,".","",FALSE
492267,".","",FALSE
492268,".","",FALSE
492269,".","",FALSE
492270,".","",FALSE
492271,".","",FALSE
492274,".","",FALSE
492300,".","",FALSE
609755,".","",FALSE
609759,".","",FALSE
609761,".","",FALSE
609762,".","",FALSE
609763,".","",FALSE
609917,".","",FALSE
609919,".","",FALSE
609920,".","",FALSE
609921,".","",FALSE
609933,".","",FALSE
609939,".","",FALSE
609951,".","",FALSE
610011,".","",FALSE
610012,".","",FALSE
610013,".","",FALSE
610024,".","",FALSE
610025,".","",FALSE
610029,".","",FALSE
610032,".","",FALSE
35323,"HIST2H2AA3","",FALSE
35323,"HIST2H2BD","",FALSE
35341,"HIST2H2BE","",FALSE
618275,".","",FALSE
618276,".","",FALSE
618277,".","",FALSE
618279,"HIST1H1A","",FALSE
618279,"HIST1H3A","",FALSE
618279,"HIST1H4A","",FALSE
618280,".","",FALSE
618281,".","",FALSE
618282,".","",FALSE
618283,"HIST1H4B","",FALSE
618284,"HIST1H3B","",FALSE
618285,"HIST1H2AB","",FALSE
618286,"HIST1H2BB","",FALSE
618286,"HIST1H3C","",FALSE
618286,"U91328.2","",FALSE
618287,"HIST1H1C","",FALSE
618289,".","",FALSE
618290,".","",FALSE
618291,".","",FALSE
618292,".","",FALSE
618295,".","",FALSE
618296,".","",FALSE
618297,"HFE","",FALSE
618299,".","",FALSE
618301,"HIST1H4C","",FALSE
618302,"HIST1H1T","",FALSE
618303,".","",FALSE
618304,"HIST1H2AC","",FALSE
618304,"HIST1H2BC","",FALSE
618305,".","",FALSE
618306,".","",FALSE
618308,"HIST1H1E","",FALSE
618308,"HIST1H2BD","",FALSE
618309,".","",FALSE
618310,".","",FALSE
618311,"HIST1H2BE","",FALSE
618311,"LARP1P1","",FALSE
618312,".","",FALSE
618313,"HIST1H1PS1","",FALSE
618313,"HIST1H4D","",FALSE
618315,".","",FALSE
618316,"HIST1H2AD","",FALSE
618316,"HIST1H3D","",FALSE
618317,"HIST1H2BF","",FALSE
618317,"HIST1H4E","",FALSE
618317,"RP1-34B20.4","",FALSE
618318,".","",FALSE
618319,".","",FALSE
618320,"HIST1H2AE","",FALSE
618320,"HIST1H2BG","",FALSE
618321,".","",FALSE
618322,".","",FALSE
618323,"HIST1H2APS3","",FALSE
618323,"HIST1H3E","",FALSE
618324,".","",FALSE
618325,"HIST1H1D","",FALSE
618326,".","",FALSE
618327,".","",FALSE
618328,"HIST1H4F","",FALSE
618329,".","",FALSE
618330,"HIST1H4G","",FALSE
618331,"HIST1H3F","",FALSE
618332,"HIST1H2BH","",FALSE
618334,".","",FALSE
618336,".","",FALSE
618338,".","",FALSE
618339,"HIST1H2APS4","",FALSE
618339,"HIST1H2BI","",FALSE
618339,"HIST1H3G","",FALSE
618340,".","",FALSE
618341,"HIST1H4H","",FALSE
618343,".","",FALSE
618344,".","",FALSE
618345,".","",FALSE
618346,".","",FALSE
618347,".","",FALSE
618349,".","",FALSE
618350,".","",FALSE
618354,".","",FALSE
618357,".","",FALSE
618373,".","",FALSE
618390,".","",FALSE
618414,".","",FALSE
618420,".","",FALSE
618421,".","",FALSE
618422,"ABT1","",FALSE
618596,".","",FALSE
618597,".","",FALSE
618598,".","",FALSE
618599,".","",FALSE
618600,"HIST1H2AG","",FALSE
618600,"HIST1H2BJ","",FALSE
618601,".","",FALSE
618602,"HIST1H4I","",FALSE
618603,".","",FALSE
618604,".","",FALSE
618605,"HIST1H2AH","",FALSE
618605,"HIST1H2BK","",FALSE
618605,"MIR3143","",FALSE
618606,".","",FALSE
618607,".","",FALSE
618609,".","",FALSE
618610,".","",FALSE
618611,".","",FALSE
618613,".","",FALSE
618614,".","",FALSE
618615,".","",FALSE
618616,".","",FALSE
618617,".","",FALSE
618618,".","",FALSE
618619,".","",FALSE
618704,"ZNF184","",FALSE
618707,".","",FALSE
618793,"HIST1H3H","",FALSE
618796,".","",FALSE
618801,"HIST1H4J","",FALSE
618802,"HIST1H4K","",FALSE
618803,".","",FALSE
618804,"HIST1H2AK","",FALSE
618804,"HIST1H2BN","",FALSE
618805,".","",FALSE
618806,".","",FALSE
618807,".","",FALSE
618809,".","",FALSE
618810,".","",FALSE
618822,"HIST1H2AM","",FALSE
618822,"HIST1H3J","",FALSE
618823,"HIST1H2BO","",FALSE
618895,"ZSCAN16","",FALSE
618969,".","",FALSE
618972,"ZKSCAN3","",FALSE
618972,"ZSCAN31","",FALSE
619122,".","",FALSE
619125,".","",FALSE
619128,"HCG14","",FALSE
619130,".","",FALSE
619137,".","",FALSE
619138,"C6orf100","",FALSE
619143,".","",FALSE
619434,"ZNRD1-AS1","",FALSE
619434,"ZNRD1","",FALSE
619438,"PPP1R11","",FALSE
619446,"TRIM31-AS1","",FALSE
619446,"TRIM31","",FALSE
619493,"HCG17","",FALSE
619493,"HCG18","",FALSE
619493,"TRIM39","",FALSE
619535,"XXbac-BPG249D20.9","",FALSE
619548,"GNL1","",FALSE
619548,"PRR3","",FALSE
619555,"ABCF1","",FALSE
619555,"MIR877","",FALSE
619565,"AL662800.1","",FALSE
619565,"ATAT1","",FALSE
619565,"MRPS18B","",FALSE
619565,"PPP1R10","",FALSE
619565,"PTMAP1","",FALSE
619567,"AL662800.2","",FALSE
619567,"C6orf136","",FALSE
619573,"DHX16","",FALSE
619576,"NRM","",FALSE
619576,"PPP1R18","",FALSE
619579,"MDC1-AS1","",FALSE
619579,"MDC1","",FALSE
619582,"MDC1","",FALSE
619583,"TUBB","",FALSE
619583,"XXbac-BPG252P9.9","",FALSE
619590,"FLOT1","",FALSE
619590,"IER3","",FALSE
619590,"XXbac-BPG252P9.10","",FALSE
619592,".","",FALSE
619614,"DDR1-AS1","",FALSE
619614,"DDR1","",FALSE
619617,"DDR1","",FALSE
619617,"GTF2H4","",FALSE
619617,"RN7SL175P","",FALSE
619617,"VARS2","",FALSE
619621,"DPCR1","",FALSE
619622,"HCG21","",FALSE
619653,"RNU6-1133P","",FALSE
619657,"C6orf15","",FALSE
619658,"PSORS1C1","",FALSE
619659,"CDSN","",FALSE
619659,"PSORS1C1","",FALSE
619674,"POU5F1","",FALSE
619740,"MCCD1","",FALSE
619740,"RPL15P4","",FALSE
619741,"DDX39B","",FALSE
619741,"SNORD117","",FALSE
619743,"DDX39B-AS1","",FALSE
619743,"DDX39B","",FALSE
619749,"LTB","",FALSE
619759,"APOM","",FALSE
619759,"BAG6","",FALSE
619760,"APOM","",FALSE
619760,"BAG6","",FALSE
619760,"C6orf47-AS1","",FALSE
619760,"C6orf47","",FALSE
619761,"CSNK2B","",FALSE
619761,"CSNK2B-LY6G5B-1181","",FALSE
619761,"GPANK1","",FALSE
619761,"Y_RNA","",FALSE
619771,"C6orf25","",FALSE
619771,"DDAH2","",FALSE
619771,"LY6G6C","",FALSE
619771,"LY6G6D","",FALSE
619779,"MSH5","",FALSE
619779,"MSH5-SAPCD1","",FALSE
619779,"RNU6-850P","",FALSE
619780,"MSH5-SAPCD1","",FALSE
619780,"SAPCD1-AS1","",FALSE
619780,"SAPCD1","",FALSE
619780,"VWA7","",FALSE
619787,"LSM2","",FALSE
619788,"HSPA1A","",FALSE
619788,"HSPA1L","",FALSE
619792,"C6orf48","",FALSE
619792,"SNORD52","",FALSE
619795,"NEU1","",FALSE
619811,"MIR1236","",FALSE
619827,"ATF6B","",FALSE
619827,"TNXB","",FALSE
619832,"AGPAT1","",FALSE
619832,"RNF5","",FALSE
620022,"PSMB9","",FALSE
620022,"TAP1","",FALSE
620047,"BRD2","",FALSE
620047,"HLA-DMA","",FALSE
620048,"BRD2","",FALSE
620048,"BRD2-IT1","",FALSE
620130,"TAPBP","",FALSE
620130,"ZBTB22","",FALSE
620142,"KIFC1","",FALSE
620148,"SYNGAP1","",FALSE
622275,"BYSL","",FALSE
622275,"MED20","",FALSE
622275,"Y_RNA","",FALSE
657945,".","",FALSE
657948,".","",FALSE
657949,".","",FALSE
657968,".","",FALSE
658063,".","",FALSE
658066,".","",FALSE
658130,".","",FALSE
658137,".","",FALSE
658140,".","",FALSE
658159,".","",FALSE
658160,".","",FALSE
658161,".","",FALSE
658164,".","",FALSE
661963,".","",FALSE
661964,".","",FALSE
661979,".","",FALSE
661983,".","",FALSE
661989,".","",FALSE
661990,".","",FALSE
661931,".","",FALSE
661932,".","",FALSE
661952,".","",FALSE
661953,".","",FALSE
661954,".","",FALSE
661955,".","",FALSE
661957,".","",FALSE
661958,"CYP2W1","",FALSE
661959,".","",FALSE
674792,"NUDCD3","",FALSE
430792,".","",FALSE
662134,".","",FALSE
662136,".","",FALSE
662137,".","",FALSE
662138,".","",FALSE
662139,".","",FALSE
662140,".","",FALSE
662150,".","",FALSE
662153,".","",FALSE
662155,".","",FALSE
662157,".","",FALSE
662158,".","",FALSE
662159,".","",FALSE
662160,".","",FALSE
662161,".","",FALSE
662162,".","",FALSE
662164,".","",FALSE
662166,".","",FALSE
662184,".","",FALSE
662141,"FTSJ2","",FALSE
662141,"MAD1L1","",FALSE
662163,"AC004840.8","",FALSE
662163,"CHST12","",FALSE
662163,"EIF3B","",FALSE
662163,"RP4-607J2.1","",FALSE
662189,".","",FALSE
662031,".","",FALSE
662032,"AC102953.6","",FALSE
662032,"INTS1","",FALSE
662036,"PSMG3-AS1","",FALSE
662036,"PSMG3","",FALSE
662037,".","",FALSE
662038,".","",FALSE
662039,".","",FALSE
662169,".","",FALSE
662170,".","",FALSE
662171,".","",FALSE
662172,".","",FALSE
662173,".","",FALSE
662174,".","",FALSE
662175,".","",FALSE
662176,".","",FALSE
662177,".","",FALSE
662179,".","",FALSE
662180,".","",FALSE
662181,".","",FALSE
662183,".","",FALSE
662197,".","",FALSE
662198,".","",FALSE
662199,".","",FALSE
662200,".","",FALSE
662201,".","",FALSE
662202,"TTYH3","",FALSE
662203,".","",FALSE
662204,".","",FALSE
662206,".","",FALSE
662208,".","",FALSE
662209,".","",FALSE
662210,".","",FALSE
662211,".","",FALSE
662212,".","",FALSE
662214,".","",FALSE
662215,".","",FALSE
662217,".","",FALSE
662222,".","",FALSE
662229,".","",FALSE
662188,".","",FALSE
709576,".","",FALSE
709577,".","",FALSE
709578,".","",FALSE
709579,".","",FALSE
709580,".","",FALSE
709581,".","",FALSE
709582,".","",FALSE
709583,".","",FALSE
709584,".","",FALSE
709585,".","",FALSE
709586,".","",FALSE
709587,".","",FALSE
709588,".","",FALSE
709589,".","",FALSE
709590,".","",FALSE
709591,".","",FALSE
709592,".","",FALSE
709593,".","",FALSE
709594,".","",FALSE
709595,".","",FALSE
709596,".","",FALSE
709597,".","",FALSE
709598,".","",FALSE
709599,".","",FALSE
709602,".","",FALSE
709603,".","",FALSE
709605,".","",FALSE
709606,".","",FALSE
709607,".","",FALSE
709608,".","",FALSE
709609,".","",FALSE
709610,".","",FALSE
709611,".","",FALSE
709612,".","",FALSE
709616,".","",FALSE
709620,".","",FALSE
709622,".","",FALSE
709624,".","",FALSE
709626,"SGK223","",FALSE
709627,".","",FALSE
709698,".","",FALSE
709699,".","",FALSE
709700,".","",FALSE
709701,".","",FALSE
709702,".","",FALSE
709703,".","",FALSE
709704,".","",FALSE
709705,"AC087269.1","",FALSE
709705,"CLDN23","",FALSE
709706,".","",FALSE
709707,".","",FALSE
709709,".","",FALSE
709710,".","",FALSE
709711,".","",FALSE
709713,".","",FALSE
709715,".","",FALSE
709716,".","",FALSE
709717,".","",FALSE
709718,".","",FALSE
709719,".","",FALSE
709720,".","",FALSE
709721,".","",FALSE
709722,".","",FALSE
709724,".","",FALSE
709725,".","",FALSE
709726,".","",FALSE
709727,".","",FALSE
709728,".","",FALSE
709729,".","",FALSE
709730,".","",FALSE
709731,".","",FALSE
709732,".","",FALSE
709733,".","",FALSE
709734,".","",FALSE
709735,".","",FALSE
709736,".","",FALSE
709737,".","",FALSE
709738,".","",FALSE
709739,".","",FALSE
709741,".","",FALSE
709747,".","",FALSE
709749,".","",FALSE
709750,".","",FALSE
709751,".","",FALSE
709756,".","",FALSE
709758,".","",FALSE
709759,".","",FALSE
709760,".","",FALSE
709761,"MFHAS1","",FALSE
709787,".","",FALSE
709825,".","",FALSE
709867,".","",FALSE
709868,".","",FALSE
709926,".","",FALSE
709927,".","",FALSE
709928,".","",FALSE
709929,".","",FALSE
709930,".","",FALSE
709931,"RP11-375N15.2","",FALSE
709931,"TNKS","",FALSE
709932,".","",FALSE
709933,".","",FALSE
709935,".","",FALSE
709997,".","",FALSE
710005,".","",FALSE
710023,".","",FALSE
710024,".","",FALSE
710025,".","",FALSE
710027,".","",FALSE
720322,"RP11-350F16.1","",FALSE
720325,"RP11-350F16.2","",FALSE
720539,"RNU6-665P","",FALSE
720556,".","",FALSE
720594,"AC103686.1","",FALSE
720607,"MCM4","",FALSE
720607,"PRKDC","",FALSE
720612,"RNU6-519P","",FALSE
720621,"UBE2V2","",FALSE
720880,"SNAI2","",FALSE
720324,".","",FALSE
720331,".","",FALSE
720332,".","",FALSE
720360,".","",FALSE
720396,".","",FALSE
720397,".","",FALSE
720398,".","",FALSE
720399,".","",FALSE
720401,".","",FALSE
720402,".","",FALSE
720403,".","",FALSE
720404,".","",FALSE
720405,".","",FALSE
720406,".","",FALSE
720407,".","",FALSE
720408,"ATP6V1G1P2","",FALSE
720408,"IGLV8OR8-1","",FALSE
720408,"RP11-1134I14.2","",FALSE
720408,"RP11-1134I14.6","",FALSE
720408,"RP11-1134I14.8","",FALSE
720409,".","",FALSE
720410,".","",FALSE
720411,".","",FALSE
720412,".","",FALSE
720413,".","",FALSE
720414,".","",FALSE
720416,".","",FALSE
720418,".","",FALSE
720419,".","",FALSE
720420,".","",FALSE
720421,".","",FALSE
720422,".","",FALSE
720423,".","",FALSE
720424,".","",FALSE
720425,".","",FALSE
720426,".","",FALSE
720427,".","",FALSE
720429,".","",FALSE
720430,".","",FALSE
720431,".","",FALSE
720432,".","",FALSE
720433,".","",FALSE
720435,".","",FALSE
720436,".","",FALSE
720437,".","",FALSE
720438,".","",FALSE
720440,".","",FALSE
720442,".","",FALSE
720443,".","",FALSE
720444,".","",FALSE
720445,".","",FALSE
720446,".","",FALSE
720447,".","",FALSE
720448,".","",FALSE
720449,".","",FALSE
720450,".","",FALSE
720451,".","",FALSE
720452,".","",FALSE
720453,".","",FALSE
720454,".","",FALSE
720455,".","",FALSE
720456,".","",FALSE
720457,".","",FALSE
720458,".","",FALSE
720460,".","",FALSE
720461,".","",FALSE
720462,".","",FALSE
720464,".","",FALSE
720465,".","",FALSE
720466,".","",FALSE
720468,".","",FALSE
720469,".","",FALSE
720470,".","",FALSE
720471,".","",FALSE
720472,".","",FALSE
720473,".","",FALSE
720474,".","",FALSE
720475,".","",FALSE
720476,".","",FALSE
720479,".","",FALSE
720480,".","",FALSE
720482,".","",FALSE
720483,".","",FALSE
720484,".","",FALSE
720485,".","",FALSE
720488,".","",FALSE
720489,".","",FALSE
720490,".","",FALSE
720492,".","",FALSE
720493,".","",FALSE
720494,".","",FALSE
720495,".","",FALSE
720496,".","",FALSE
720497,".","",FALSE
720498,".","",FALSE
720499,".","",FALSE
720500,".","",FALSE
720505,".","",FALSE
720506,".","",FALSE
720507,".","",FALSE
720511,".","",FALSE
720513,".","",FALSE
720514,".","",FALSE
720515,".","",FALSE
720517,".","",FALSE
720518,".","",FALSE
720519,".","",FALSE
720525,".","",FALSE
720599,".","",FALSE
720605,".","",FALSE
720606,".","",FALSE
737339,".","",FALSE
737412,"KB-1410C5.5","",FALSE
737412,"ZNF706","",FALSE
737757,".","",FALSE
737820,"KB-1980E6.3","",FALSE
737820,"RNU6-1224P","",FALSE
737824,"ODF1","",FALSE
737834,".","",FALSE
737836,".","",FALSE
737837,".","",FALSE
737838,".","",FALSE
737839,".","",FALSE
737840,".","",FALSE
737841,".","",FALSE
737842,".","",FALSE
737846,".","",FALSE
737851,".","",FALSE
737852,".","",FALSE
737853,".","",FALSE
737855,".","",FALSE
737856,".","",FALSE
737857,".","",FALSE
737858,"KLF10","",FALSE
737890,".","",FALSE
737892,".","",FALSE
737893,".","",FALSE
737894,".","",FALSE
737895,".","",FALSE
737896,".","",FALSE
737897,".","",FALSE
737898,".","",FALSE
737899,".","",FALSE
737905,".","",FALSE
737907,".","",FALSE
737908,"AZIN1","",FALSE
737908,"KB-1507C5.2","",FALSE
